Meijer,Vitamin C 500 mg
Redbreast,Single Pot Still Irish Whiskey 15 Years
Natural Grooming by Herban Cowboy,Dusk Deodorant
Aveeno,Clear Complexion Foaming Cleanser
Clean & Clear,Essentials Foaming Facial Cleanser Sensitive Skin
l'Oreal,EverStrong Hydrate Shampoo
l'Oreal,EverStrong Hydrate Conditioner
Molton Brown,Re-Charge Black Pepper Body Wash
La Tourangelle,Grapeseed Oil
Neutrogena,Alcohol-Free Toner
Garnier Fructis Style,Pure Clean Finishing Paste
Pond's,Dry Skin Cream
Viano Vineyards,Cabernet Sauvignon
Hot Shot,Flying Insect Killer
Annie's,Rice Pasta and Extra Cheesy Cheddar Sauce
Tapatio,Hot Sauce
Banquet,Brown 'N Serve Original Sausage Links
OYO,Whiskey
Kroger,Vanilla Extract
Purity Farms,Organic Ghee
Trident,Spearmint Gum
Kroger,Garlic Salt
Trader Joe's,Curry Powder
Simply Organic,Italian Seasoning
Kroger,Granulated Sugar
Crest,Pro-Health Clean Mint Toothpaste
Ralphs,Nice 'n Elegant Spoons
American Crew,Fiber
Andersen's,Creamy Soup Split Pea
Blue Diamond,Almonds   Whole Natural
McCormick,Whole Black Peppercorns
Green Giant,Cut Green Beans
Barilla,Rotini
Clif,Builder's 20g Protein Bar Chocolate Mint
Clover Stornetta,Vitamin D Milk
J. Lohr,Seven Oaks Paso Robles Cabernet Sauvignon
Mars,Peanut M&M
Band-Aid,Flexible Fabric Bandages
Gatorade,Fierce Grape
California Pizza Kitchen,Sicilian Recipe Pizza
Gatorade,Frost Riptide Rush
Tovolo,King Cube Tray
Charmin,Ultra Soft
Clover Stornetta,Vitamin D Milk
Glad,Odor Shield Tall Kitchen Drawstring Bags
Coop,Tiefkühlbeutel mit Druckverschluss
Reynolds,Wrap
Reynolds,Slow Cooker Liners
Ralphs,Plastic Wrap
Reynolds,Parchment Paper
Ziploc,Double Zipper Gallon Bags
up & up,Toothbrush Holder
Orbit,Spearmint Sugarfree Gum
Safeway,Blue Mint Antiseptic Mouth Rinse
Red Vines,Original Red Twists
Kroger,Dry Roasted Unsalted Peanuts
Kroger,2% Milk
Farmland,Lower Sodium Bacon
Sun Vista,Black Beans No Salt Added
Opti-Free,Pure Moist Contact Solution
Kleenex,2-Ply White Tissues (208 × 213 mm/ 8.2 × 8.4 in)
Menscience,Advanced Deodorant
CeraVe,Facial Moisturizing Lotion
Gnarly Head,Cabernet Sauvignon
Palmolive,Original Dish Liquid
Glade,Clean Linen Air Freshener
Kirkland Signature,Bath Tissue
Q-tips,Cotton Swabs
Safeway Kitchens,Clover Honey
Westvleteren,Westvleteren XII
Fernet-Branca,Liqueur
Knorr,Salsa Lista Pizza
Nestle,Leche Condensada
Trident,"White Gum, Spearmint"
Dave's Gourmet,Red Heirloom Organic Pasta Sauce
Simple Truth Organic,Baby Arugula
Heinz,Tomato Ketchup
Wexford,College Ruled Composition Book
Kleenex,White Tissues
Community,Season 2 DVDs
Nintendo,Super Mario Galaxy
Kleenex,White Tissues
Edge,Sensitive Skin Shaving Gel with Aloe
Disney,Tangled (DVD)
Scrabble,Crossword Game
Tide,Febreze Fresh Laundry Detergent
Blizzard,Starcraft II: Wings of Liberty
McCormick,Pure Ground Black Pepper
Safeway,Whole Black Pepper
McCormick,Italian Seasoning
Grandma's Seasonings,Chili Powder
Trader Joe's,Extra Virgin Olive Oil
Spectrum Naturals,Peanut Oil
Gatorade,Perform Fruit Punch
Trader Joe's,Tomato Sauce
Trader Joe's,Sesame Melba Round Crackers
S&W Premium,Black Beans (tin)
De Cecco,Penne Rigate
Kellogg's,Corn Flakes
Motorola,SURFboard eXtreme Cable Modem (Model SB6121)
Kettle,Classic Barbeque Krinkle Cut Potato Chips
Santa Sweets,Grape Tomatoes
Clorox,Disinfecting Wipes
The Learning Company,Where in the U.S.A. is Carmen Sandiego
Tapatio,Salsa Picante
Air Wick,Dual Action Spray
Bolla,Pinot Grigio
Sensodyne,Fresh Impact Toothpaste
Gillette,Arctic Ice Clear Gel Deodorant
Vicks,DayQuil Severe Cold & Flu
Gillette,Sensor 3
Nivea,Original Moisture Body Lotion
Pantene,Repair & Protect 2in1 Shampoo & Conditioner
Mr. Clean,Magic Eraser
Duette,Toilet Bowl Cleaner
Mr. Clean,Magic Eraser
All,"Mighty Pacs, Free Clear"
Neutrogena,Oil-Free Acne Stress Control Power-Cream Wash
Tropicana,Orange Juice with Calcium & Vitamin D
Scotch,Super 33+ Vinyl Electric Tape
Band-Aid,Flexible Fabric Adhesive Bandages
Colgate,Toothbrush Value Pack
Parallax Inc.,Extension Cables & 3-Pin Headers
RadioShack,PIR Sensor
CVS Total Home,"Aluminum Foil, Heavy Duty"
Mars,Peanut Butter M&M Chocolate Candies
Stanley,9 Way Screwdriver
Honeywell,Power Air Circulator
Pedifix,Arch Bandage
Neutrogena,On-the-Spot Acne Treatment
Cloud 9,Cutlery Combo
Dove,Moisturizing Body Wash
HDX,Table Top Air Circulator
SteamFast,Travel Steam Iron
Ancient Harvest,Quinoa Rotelle
Annie's,Shells & Real Aged Cheddar Macaroni & Cheese
Wholesome Kitchen,Farro and Garden Vegetable
Glass Plus,Glass Cleaner
Nivea,Sensitive Men's Shaving Gel
Dove,Clean Comfort Deodorant
L'Oreal,Out of Bed Texturizer
CVS,2-Ply Tissues
Omega,J8004 Nutrition Center Juicer
O-Live And Company,Extra Virgin Olive Oil
Crisco,Pure Vegetable Oil
Clif Bar,Chocolate Almond Fudge Energy Bar
Clif Bar,Berry Pomegranate Chia Energy Bar
Crest,Pro-Health Fluoride Rinse
CVS Pharmacy,200mg Ibuprofen Capsules
Cloud 9,48 Sheet 2-Ply Paper Towels
Tropicana,Orange Juice with Calcium & Vitamin D
Trident,"16ct White Gum, Peppermint"
Siggi's,"Icelandic Style Skyr, Blueberry"
Dixie,Paper Plates
Mrs. Meyer's Clean Day,"Liquid Hand Soap Refill, Lavender Scent"
Trident,"White Gum, Peppermint"
Caliber,Security Envelopes
Google,Chromecast
Sol Republic,JAX Headphones
Penn,Extra Duty Felt Tennis Ball
CVS Pharmacy,91% Isopropyl Alcohol
Lysol,Bathroom Cleaner with Hydrogen Peroxide
Scott,One Ply Bathroom Tissue
Comet,Comet With Bleach
Aveeno,Men's After Shave Lotion
First Aid Beauty,Face Cleanser
Simple,Cleansing Micellar Water
Organix,Renewing Argan Oil of Morocco
Tresemme,Heat Tamer Spary
Axe,Axe Anarchy for Her
Old Spice,Refresh Body Spray -Fiji
Pond's,Cold Cream Cleanser
Biore,Deep Pore Charcoal Cleanser
Botanics,Hydrating Day Cream All Bright SPF 15
Biotene,Dry Mouth  Oral Rinse
aussie,Instant Freeze Gel
Biore,Warming Anti-Blackhead Cleanser
Jolen,Creme Bleach - Lightens Excess Dark Hair
Lipton,Pure Green Tea
Pentel,Super Hi-Polymer Lead 0.7
Purell,Advanced Hand Sanitizer -travel size
Jergens,Natural Glow
Banana Boat,Sport Performance- UVA/UVB protection SPF 30
Nature Made,D3 400 IU
Secret,pH Balanced - Unscented
Arm & Hammer,Ultra Max Deodorant
Benadryl,Allergy
Clean & Clear,Acne Cleanser
Maybelline,The Falsies - Washable Mascara
Cover Girl,Flamed Out Mascra
e.l.f.,Jumbo Eyeshadow Stick-Turkish Coffee
e.l.f.,Matte Lip Color-Paline
e.l.f.,Eyebrow Kit- Darl
e.l.f.,Smudge Pot- Back to Basics
David's Tea,Chocolate Rocket Mate Tea
Harney & Sons,Spiced Black Holiday Tea
David's Tea,Organic the Spice Is Right Green Tea
David's Tea,Birthday Cake
David's Tea,Bubbie's Baklava Oolong Tea
David's Tea,Chocolate Chili Chai Black Tea
Saft Lingon,Lingonberry Drink Concentrate
Kind,Thai Sweet Chili Almond Protein Bar
Kind,Dark Chocolate Nuts & Sea Salt Protein Bar
Alessi,Garlic Breadsticks
Heinz,Distilled White Vinegar
L'oreal Paris,Voluminous Original 305 Black Mascara
Kraft,Cool Whip
Pond's,Dry Skin Cream
Simple,Eye Makeup-up Remover Pads
Neutrogena,Fresh Cleansing + Makeup Remover
Arduino,Yun
Gunnar,Vayper Onyx Advanced Gaming Eyewear
Duracell,76A Duralock Battery
Elmer's,Disappearing Purple School Glue Sticks
Sanyo,Eneloop 4 AA Batteries and Charger
Duracell,9V Procell Batteries
Staples,Standard Staples
Staples,Small Bind Clips
Avery,White Easy Peel Return Address Labels
Avery,Permanent Reinforcement Labels
Avery,White Reinforcement Labels
Sharpie,Ultra Fine Permanent Marker
Sharpie,Fine Permanent Marker
Expo,Dry Erase Markers
Energizer,392 Watch Battery
Avery,Heavy-Duty EZD Reference 3-Ring Binder
Rosewill,Hard Drive Docking
Cen-Tech,7 Function Digital Multimeter
Walgreens,Advanced Hand Sanitizer with Aloe
Chemin Du Soleil,Chardonnay
The Body Shop,Coconut Body Butter
Thymes,Kimono Rose Hand Creme
Dust Destroyer,Compressed-Gas Duster
Coca Cola,Soda
So Delicious,Coconut Milk
Pereg,Organic Quinoa
Chobani,Greek Yogurt - Plain
Lancome,Creme Radiance
Scrub Daddy,Sponge Daddy
